{
  "title": "VMAR split ladder grid backtest",
  "disclaimer": "simulation \u00B7 not investment advice \u00B7 past \u2260 future",
  "barCount": 40000,
  "dataSource": "cache:/Users/kwon/Documents/c#/.worktrees/pw15-split-bt/artifacts/candles/VMAR_1m.json (toss-openapi-live-page)",
  "best": {
    "BuyLegs": 5,
    "BuyStepPercent": 0.5,
    "SellLegs": 5,
    "SellStepPercent": 0.5,
    "StopLossFromAvgPercent": 3,
    "TakeProfitFromAvgPercent": 3,
    "EntryThreshold": 0.006,
    "MaxHoldBars": 30,
    "Score": 211.65720064043455,
    "TotalReturnPct": 211.87198766288588575302800568,
    "MaxDrawdownPct": 38.124458902392620053360780520,
    "Sharpe": 3.769488485749,
    "TradeCount": 1754,
    "WinRatePct": 91.27708095781072,
    "ProfitFactor": 1.3700278883870225
  },
  "top": [
    {
      "Name": "SPLIT_B5@0.5_S5@0.5_SL3_TP3_thr0.006_H30",
      "BuyLegs": 5,
      "BuyStepPercent": 0.5,
      "SellStepPercent": 0.5,
      "StopLossFromAvgPercent": 3,
      "TakeProfitFromAvgPercent": 3,
      "MaxHoldBars": 30,
      "Score": 211.65720064043455,
      "TotalReturnPct": 211.87198766288588575302800568,
      "MaxDrawdownPct": 38.124458902392620053360780520,
      "TradeCount": 1754,
      "WinRatePct": 91.27708095781072,
      "ProfitFactor": 1.3700278883870225,
      "Sharpe": 3.769488485749
    },
    {
      "Name": "SPLIT_B5@0.5_S5@0.5_SL3_TP3_thr0.006_H40",
      "BuyLegs": 5,
      "BuyStepPercent": 0.5,
      "SellStepPercent": 0.5,
      "StopLossFromAvgPercent": 3,
      "TakeProfitFromAvgPercent": 3,
      "MaxHoldBars": 40,
      "Score": 188.1834851425379,
      "TotalReturnPct": 192.25914231043603393239843031,
      "MaxDrawdownPct": 43.191948341232675621786555590,
      "TradeCount": 1674,
      "WinRatePct": 91.33811230585424,
      "ProfitFactor": 1.3440131423881216,
      "Sharpe": 3.5040634005436435
    },
    {
      "Name": "SPLIT_B2@0.5_S2@0.5_SL3_TP3_thr0.006_H60",
      "BuyLegs": 2,
      "BuyStepPercent": 0.5,
      "SellStepPercent": 0.5,
      "StopLossFromAvgPercent": 3,
      "TakeProfitFromAvgPercent": 3,
      "MaxHoldBars": 60,
      "Score": 175.1720581214696,
      "TotalReturnPct": 179.46251804018534476890641656,
      "MaxDrawdownPct": 41.675168147696937494753174180,
      "TradeCount": 1232,
      "WinRatePct": 87.82467532467533,
      "ProfitFactor": 1.2814862753456935,
      "Sharpe": 3.3094248310265475
    },
    {
      "Name": "SPLIT_B2@0.5_S2@0.5_SL3_TP3_thr0.006_H30",
      "BuyLegs": 2,
      "BuyStepPercent": 0.5,
      "SellStepPercent": 0.5,
      "StopLossFromAvgPercent": 3,
      "TakeProfitFromAvgPercent": 3,
      "MaxHoldBars": 30,
      "Score": 172.66047446897082,
      "TotalReturnPct": 176.18014855798341193682106199,
      "MaxDrawdownPct": 40.124676496349602011103958550,
      "TradeCount": 1240,
      "WinRatePct": 87.09677419354838,
      "ProfitFactor": 1.2778530913609742,
      "Sharpe": 3.30853283183244
    },
    {
      "Name": "SPLIT_B2@0.5_S2@0.5_SL3_TP3_thr0.006_H40",
      "BuyLegs": 2,
      "BuyStepPercent": 0.5,
      "SellStepPercent": 0.5,
      "StopLossFromAvgPercent": 3,
      "TakeProfitFromAvgPercent": 3,
      "MaxHoldBars": 40,
      "Score": 167.25023997160565,
      "TotalReturnPct": 171.70763127147344711546898604,
      "MaxDrawdownPct": 41.536927848750081122111174800,
      "TradeCount": 1240,
      "WinRatePct": 87.58064516129032,
      "ProfitFactor": 1.2663613296076883,
      "Sharpe": 3.2622145249014585
    },
    {
      "Name": "SPLIT_B5@0.5_S5@0.5_SL3_TP3_thr0.006_H60",
      "BuyLegs": 5,
      "BuyStepPercent": 0.5,
      "SellStepPercent": 0.5,
      "StopLossFromAvgPercent": 3,
      "TakeProfitFromAvgPercent": 3,
      "MaxHoldBars": 60,
      "Score": 142.19401759157506,
      "TotalReturnPct": 149.07437306787418259457077507,
      "MaxDrawdownPct": 43.103573109583053963003913150,
      "TradeCount": 1707,
      "WinRatePct": 91.095489162273,
      "ProfitFactor": 1.2908308553051049,
      "Sharpe": 2.934286215698482
    },
    {
      "Name": "SPLIT_B4@0.5_S4@0.5_SL3_TP3_thr0.006_H30",
      "BuyLegs": 4,
      "BuyStepPercent": 0.5,
      "SellStepPercent": 0.5,
      "StopLossFromAvgPercent": 3,
      "TakeProfitFromAvgPercent": 3,
      "MaxHoldBars": 30,
      "Score": 135.0278217795779,
      "TotalReturnPct": 136.01767907426779755850889130,
      "MaxDrawdownPct": 31.391841085577693431811942180,
      "TradeCount": 1715,
      "WinRatePct": 90.61224489795919,
      "ProfitFactor": 1.2650479093589417,
      "Sharpe": 2.9412126496197892
    },
    {
      "Name": "SPLIT_B4@0.2_S4@0.5_SL3_TP3_thr0.006_H30",
      "BuyLegs": 4,
      "BuyStepPercent": 0.2,
      "SellStepPercent": 0.5,
      "StopLossFromAvgPercent": 3,
      "TakeProfitFromAvgPercent": 3,
      "MaxHoldBars": 30,
      "Score": 129.8204248654269,
      "TotalReturnPct": 134.83361822995211207490310136,
      "MaxDrawdownPct": 37.212199607349257396042231770,
      "TradeCount": 1748,
      "WinRatePct": 89.64530892448512,
      "ProfitFactor": 1.2105296457740704,
      "Sharpe": 2.71858128782988
    },
    {
      "Name": "SPLIT_B3@0.5_S3@0.5_SL3_TP3_thr0.006_H30",
      "BuyLegs": 3,
      "BuyStepPercent": 0.5,
      "SellStepPercent": 0.5,
      "StopLossFromAvgPercent": 3,
      "TakeProfitFromAvgPercent": 3,
      "MaxHoldBars": 30,
      "Score": 124.69161692507542,
      "TotalReturnPct": 127.09273212516502527480009279,
      "MaxDrawdownPct": 32.799489372844147745800520620,
      "TradeCount": 1488,
      "WinRatePct": 89.24731182795699,
      "ProfitFactor": 1.2260609163564067,
      "Sharpe": 2.7997258972664962
    },
    {
      "Name": "SPLIT_B4@0.2_S4@0.5_SL3_TP3_thr0.006_H40",
      "BuyLegs": 4,
      "BuyStepPercent": 0.2,
      "SellStepPercent": 0.5,
      "StopLossFromAvgPercent": 3,
      "TakeProfitFromAvgPercent": 3,
      "MaxHoldBars": 40,
      "Score": 119.40990799310948,
      "TotalReturnPct": 125.91167141720382383375711589,
      "MaxDrawdownPct": 39.077833649926924891466030820,
      "TradeCount": 1672,
      "WinRatePct": 90.01196172248804,
      "ProfitFactor": 1.1998660744328056,
      "Sharpe": 2.6074306801738265
    },
    {
      "Name": "SPLIT_B5@0.2_S5@0.5_SL3_TP3_thr0.006_H30",
      "BuyLegs": 5,
      "BuyStepPercent": 0.2,
      "SellStepPercent": 0.5,
      "StopLossFromAvgPercent": 3,
      "TakeProfitFromAvgPercent": 3,
      "MaxHoldBars": 30,
      "Score": 117.56738863728047,
      "TotalReturnPct": 122.79585483455686272231705059,
      "MaxDrawdownPct": 36.201238527561416432459920200,
      "TradeCount": 1842,
      "WinRatePct": 90.06514657980456,
      "ProfitFactor": 1.2101037914452133,
      "Sharpe": 2.574430613300867
    },
    {
      "Name": "SPLIT_B4@0.5_S4@0.5_SL3_TP3_thr0.006_H40",
      "BuyLegs": 4,
      "BuyStepPercent": 0.5,
      "SellStepPercent": 0.5,
      "StopLossFromAvgPercent": 3,
      "TakeProfitFromAvgPercent": 3,
      "MaxHoldBars": 40,
      "Score": 114.37901058188571,
      "TotalReturnPct": 118.27195498866425021070738726,
      "MaxDrawdownPct": 34.504946703454387766345787720,
      "TradeCount": 1628,
      "WinRatePct": 90.9090909090909,
      "ProfitFactor": 1.2503186948599867,
      "Sharpe": 2.671905788989732
    },
    {
      "Name": "SPLIT_B5@0.5_S5@0.5_SL2_TP3_thr0.006_H30",
      "BuyLegs": 5,
      "BuyStepPercent": 0.5,
      "SellStepPercent": 0.5,
      "StopLossFromAvgPercent": 2,
      "TakeProfitFromAvgPercent": 3,
      "MaxHoldBars": 30,
      "Score": 112.09391009344878,
      "TotalReturnPct": 107.48652525299280644100129847,
      "MaxDrawdownPct": 20.07614574440773632524818600,
      "TradeCount": 1800,
      "WinRatePct": 89.38888888888889,
      "ProfitFactor": 1.246093814548852,
      "Sharpe": 2.9290915425319697
    },
    {
      "Name": "SPLIT_B3@0.2_S3@0.5_SL3_TP3_thr0.006_H60",
      "BuyLegs": 3,
      "BuyStepPercent": 0.2,
      "SellStepPercent": 0.5,
      "StopLossFromAvgPercent": 3,
      "TakeProfitFromAvgPercent": 3,
      "MaxHoldBars": 60,